STATE,STATENAME,ST_CASE,PEDS,PERNOTMVIT,VE_TOTAL,VE_FORMS,PVH_INVL,PERSONS,PERMVIT,COUNTY,COUNTYNAME,CITY,CITYNAME,MONTH,MONTHNAME,DAY,DAYNAME,DAY_WEEK,DAY_WEEKNAME,YEAR,HOUR,HOURNAME,MINUTE,MINUTENAME,TWAY_ID,TWAY_ID2,ROUTE,ROUTENAME,RUR_URB,RUR_URBNAME,FUNC_SYS,FUNC_SYSNAME,RD_OWNER,RD_OWNERNAME,NHS,NHSNAME,SP_JUR,SP_JURNAME,MILEPT,MILEPTNAME,LATITUDE,LATITUDENAME,LONGITUD,LONGITUDNAME,HARM_EV,HARM_EVNAME,MAN_COLL,MAN_COLLNAME,RELJCT1,RELJCT1NAME,RELJCT2,RELJCT2NAME,TYP_INT,TYP_INTNAME,REL_ROAD,REL_ROADNAME,WRK_ZONE,WRK_ZONENAME,LGT_COND,LGT_CONDNAME,WEATHER,WEATHERNAME,SCH_BUS,SCH_BUSNAME,RAIL,RAILNAME,NOT_HOUR,NOT_HOURNAME,NOT_MIN,NOT_MINNAME,ARR_HOUR,ARR_HOURNAME,ARR_MIN,ARR_MINNAME,HOSP_HR,HOSP_HRNAME,HOSP_MN,HOSP_MNNAME,FATALS
41,Oregon,410263,0,0,2,2,0,2,2,17,DESCHUTES (17),1720,REDMOND,7,July,22,22,2,Monday,2024,22,10:00pm-10:59pm,14,14,NW MAPLE AVE,NW 22ND ST,0,Not Signed,2,Urban,4,Minor Arterial,4,City or Municipal Highway Agency,0,This Section IS NOT on the NHS,0,No Special Jurisdiction,0,,44.29094722,44.29094722,-121.19288889,-121.19288889,12,Motor Vehicle In-Transport,6,Angle,0,No,2,Intersection,2,Four-Way Intersection,1,On Roadway,0,,3,Dark - Lighted,1,Clear,0,No,0000000,Not Applicable,22,10:00pm-10:59pm,15,15,22,10:00pm-10:59pm,21,21,23,11:00pm-11:59pm,4,4,1
41,Oregon,410264,0,0,1,1,0,3,3,51,MULTNOMAH (51),1650,PORTLAND,8,August,2,2,6,Friday,2024,23,11:00pm-11:59pm,57,57,NE 122ND AVE,,0,Not Signed,2,Urban,4,Minor Arterial,4,City or Municipal Highway Agency,0,This Section IS NOT on the NHS,0,No Special Jurisdiction,0,,45.55893889,45.55893889,-122.53781111,-122.53781111,40,Fire Hydrant,0,The First Harmful Event was Not a Collision with a Motor Vehicle in Transport,0,No,1,Non-Junction,1,Not an Intersection,4,On Roadside,0,,3,Dark - Lighted,1,Clear,0,No,0000000,Not Applicable,99,Unknown,99,Unknown,99,Unknown EMS Scene Arrival Hour,99,Unknown EMS Scene Arrival Minutes,99,Unknown,99,Unknown EMS Hospital Arrival Time,2
41,Oregon,410265,0,0,2,2,0,2,2,35,KLAMATH (35),0,NOT APPLICABLE,8,August,2,2,6,Friday,2024,11,11:00am-11:59am,23,23,SR-39 ODOT 50,IOOF CEMETERY RD,3,State Highway,1,Rural,3,Other Principal Arterial,1,State Highway Agency,1,This Section IS ON the NHS,0,No Special Jurisdiction,110,110,42.05183611,42.05183611,-121.63962222,-121.63962222,12,Motor Vehicle In-Transport,6,Angle,0,No,2,Intersection,2,Four-Way Intersection,1,On Roadway,0,,1,Daylight,1,Clear,0,No,0000000,Not Applicable,11,11:00am-11:59am,23,23,11,11:00am-11:59am,30,30,99,Unknown,99,Unknown EMS Hospital Arrival Time,1
41,Oregon,410266,0,0,2,2,0,3,3,71,YAMHILL (71),0,NOT APPLICABLE,7,July,25,25,5,Thursday,2024,6,6:00am-6:59am,57,57,SR-154 ODOT 154,,3,State Highway,1,Rural,5,Major Collector,1,State Highway Agency,0,This Section IS NOT on the NHS,0,No Special Jurisdiction,62,62,45.12338889,45.12338889,-123.11697778,-123.11697778,12,Motor Vehicle In-Transport,2,Front-to-Front,0,No,1,Non-Junction,1,Not an Intersection,1,On Roadway,0,,1,Daylight,1,Clear,0,No,0000000,Not Applicable,6,6:00am-6:59am,57,57,7,7:00am-7:59am,9,9,99,Unknown,99,Unknown EMS Hospital Arrival Time,1
41,Oregon,410267,0,0,2,2,0,2,2,51,MULTNOMAH (51),1650,PORTLAND,8,August,7,7,4,Wednesday,2024,5,5:00am-5:59am,47,47,N MARINE DR,,0,Not Signed,2,Urban,4,Minor Arterial,4,City or Municipal Highway Agency,1,This Section IS ON the NHS,0,No Special Jurisdiction,0,,45.61253611,45.61253611,-122.70183611,-122.70183611,12,Motor Vehicle In-Transport,6,Angle,0,No,8,Driveway Access Related,1,Not an Intersection,1,On Roadway,0,,1,Daylight,1,Clear,0,No,0000000,Not Applicable,99,Unknown,99,Unknown,99,Unknown EMS Scene Arrival Hour,99,Unknown EMS Scene Arrival Minutes,88,Not Applicable (Not Transported),88,Not Applicable (Not Transported),1
41,Oregon,410268,1,1,1,1,0,1,1,51,MULTNOMAH (51),1650,PORTLAND,8,August,8,8,5,Thursday,2024,5,5:00am-5:59am,4,4,I-84,,1,Interstate,2,Urban,1,Interstate,1,State Highway Agency,1,This Section IS ON the NHS,0,No Special Jurisdiction,67,67,45.54621111,45.54621111,-122.55719444,-122.55719444,8,Pedestrian,0,The First Harmful Event was Not a Collision with a Motor Vehicle in Transport,0,No,1,Non-Junction,1,Not an Intersection,1,On Roadway,0,,4,Dawn,1,Clear,0,No,0000000,Not Applicable,99,Unknown,99,Unknown,99,Unknown EMS Scene Arrival Hour,99,Unknown EMS Scene Arrival Minutes,88,Not Applicable (Not Transported),88,Not Applicable (Not Transported),1
41,Oregon,410269,1,1,1,1,0,1,1,51,MULTNOMAH (51),1650,PORTLAND,7,July,11,11,5,Thursday,2024,2,2:00am-2:59am,34,34,N COLUMBIA BLVD,N INTERSTATE PL,0,Not Signed,2,Urban,3,Other Principal Arterial,4,City or Municipal Highway Agency,0,This Section IS NOT on the NHS,0,No Special Jurisdiction,0,,45.58469722,45.58469722,-122.68266389,-122.68266389,8,Pedestrian,0,The First Harmful Event was Not a Collision with a Motor Vehicle in Transport,0,No,3,Intersection-Related,3,T-Intersection,1,On Roadway,0,,3,Dark - Lighted,1,Clear,0,No,0000000,Not Applicable,2,2:00am-2:59am,37,37,2,2:00am-2:59am,46,46,3,3:00am-3:59am,3,3,1
41,Oregon,410270,0,0,1,1,0,1,1,11,COOS (11),0,NOT APPLICABLE,8,August,11,11,1,Sunday,2024,15,3:00pm-3:59pm,48,48,US-101 ODOT 9,,2,U.S. Highway,1,Rural,3,Other Principal Arterial,1,State Highway Agency,1,This Section IS ON the NHS,0,No Special Jurisdiction,2838,2838,42.97779167,42.97779167,-124.42369722,-124.42369722,34,Ditch,0,The First Harmful Event was Not a Collision with a Motor Vehicle in Transport,0,No,1,Non-Junction,1,Not an Intersection,4,On Roadside,0,,1,Daylight,1,Clear,0,No,0000000,Not Applicable,15,3:00pm-3:59pm,50,50,16,4:00pm-4:59pm,0,0,88,Not Applicable (Not Transported),88,Not Applicable (Not Transported),1
41,Oregon,410271,0,0,1,1,0,2,2,47,MARION (47),0,NOT APPLICABLE,6,June,2,2,1,Sunday,2024,12,12:00pm-12:59pm,8,8,SR-22 ODOT 162,,3,State Highway,1,Rural,3,Other Principal Arterial,1,State Highway Agency,1,This Section IS ON the NHS,0,No Special Jurisdiction,590,590,44.688575,44.688575,-122.00025,-122.00025,42,Tree (Standing Only),0,The First Harmful Event was Not a Collision with a Motor Vehicle in Transport,0,No,1,Non-Junction,1,Not an Intersection,4,On Roadside,0,,1,Daylight,2,Rain,0,No,0000000,Not Applicable,12,12:00pm-12:59pm,8,8,12,12:00pm-12:59pm,17,17,99,Unknown,99,Unknown EMS Hospital Arrival Time,1
41,Oregon,410272,0,0,1,1,0,1,1,61,UNION (61),0,NOT APPLICABLE,6,June,14,14,6,Friday,2024,14,2:00pm-2:59pm,58,58,HESS CABIN RD,,0,Not Signed,1,Rural,7,Local,2,County Highway Agency,0,This Section IS NOT on the NHS,0,No Special Jurisdiction,0,,45.12275,45.12275,-117.69281667,-117.69281667,42,Tree (Standing Only),0,The First Harmful Event was Not a Collision with a Motor Vehicle in Transport,0,No,1,Non-Junction,1,Not an Intersection,4,On Roadside,0,,1,Daylight,98,Not Reported,0,No,0000000,Not Applicable,15,3:00pm-3:59pm,0,0,15,3:00pm-3:59pm,19,19,88,Not Applicable (Not Transported),88,Not Applicable (Not Transported),1
41,Oregon,410273,0,0,2,2,0,2,2,5,CLACKAMAS (5),0,NOT APPLICABLE,7,July,6,6,7,Saturday,2024,17,5:00pm-5:59pm,17,17,S CENTRAL POINT RD,S MAKIN LN,0,Not Signed,1,Rural,5,Major Collector,2,County Highway Agency,0,This Section IS NOT on the NHS,0,No Special Jurisdiction,27,27,45.27160833,45.27160833,-122.62949444,-122.62949444,12,Motor Vehicle In-Transport,6,Angle,0,No,2,Intersection,3,T-Intersection,1,On Roadway,0,,1,Daylight,1,Clear,0,No,0000000,Not Applicable,17,5:00pm-5:59pm,17,17,17,5:00pm-5:59pm,25,25,88,Not Applicable (Not Transported),88,Not Applicable (Not Transported),1
41,Oregon,410274,0,0,1,1,0,1,1,29,JACKSON (29),0,NOT APPLICABLE,7,July,11,11,5,Thursday,2024,13,1:00pm-1:59pm,42,42,DEAD INDIAN MEMORIAL RD,,0,Not Signed,1,Rural,5,Major Collector,2,County Highway Agency,0,This Section IS NOT on the NHS,0,No Special Jurisdiction,228,228,42.29056667,42.29056667,-122.360225,-122.360225,34,Ditch,0,The First Harmful Event was Not a Collision with a Motor Vehicle in Transport,0,No,1,Non-Junction,1,Not an Intersection,4,On Roadside,0,,1,Daylight,1,Clear,0,No,0000000,Not Applicable,13,1:00pm-1:59pm,44,44,13,1:00pm-1:59pm,22,22,88,Not Applicable (Not Transported),88,Not Applicable (Not Transported),1
41,Oregon,410275,0,0,2,2,0,2,2,5,CLACKAMAS (5),0,NOT APPLICABLE,7,July,16,16,3,Tuesday,2024,5,5:00am-5:59am,30,30,S SPRINGWATER RD,,0,Not Signed,1,Rural,4,Minor Arterial,2,County Highway Agency,0,This Section IS NOT on the NHS,0,No Special Jurisdiction,94,94,45.28884167,45.28884167,-122.37524722,-122.37524722,12,Motor Vehicle In-Transport,2,Front-to-Front,0,No,1,Non-Junction,1,Not an Intersection,1,On Roadway,0,,4,Dawn,1,Clear,0,No,0000000,Not Applicable,5,5:00am-5:59am,31,31,5,5:00am-5:59am,40,40,99,Unknown,99,Unknown EMS Hospital Arrival Time,1
41,Oregon,410276,0,0,1,1,0,1,1,49,MORROW (49),0,NOT APPLICABLE,7,July,19,19,6,Friday,2024,17,5:00pm-5:59pm,55,55,BIG BUTTER CREEK LN,,0,Not Signed,1,Rural,5,Major Collector,2,County Highway Agency,0,This Section IS NOT on the NHS,0,No Special Jurisdiction,8,8,45.56729722,45.56729722,-119.41219722,-119.41219722,17,Boulder,0,The First Harmful Event was Not a Collision with a Motor Vehicle in Transport,0,No,1,Non-Junction,1,Not an Intersection,4,On Roadside,0,,1,Daylight,1,Clear,0,No,0000000,Not Applicable,17,5:00pm-5:59pm,59,59,18,6:00pm-6:59pm,46,46,19,7:00pm-7:59pm,45,45,1
41,Oregon,410277,0,0,3,2,1,2,2,51,MULTNOMAH (51),0,NOT APPLICABLE,8,August,12,12,2,Monday,2024,11,11:00am-11:59am,57,57,I-84,,1,Interstate,1,Rural,1,Interstate,1,State Highway Agency,1,This Section IS ON the NHS,0,No Special Jurisdiction,375,375,45.61273611,45.61273611,-122.00332778,-122.00332778,12,Motor Vehicle In-Transport,6,Angle,0,No,1,Non-Junction,1,Not an Intersection,1,On Roadway,0,,1,Daylight,1,Clear,0,No,0000000,Not Applicable,12,12:00pm-12:59pm,2,2,12,12:00pm-12:59pm,13,13,88,Not Applicable (Not Transported),88,Not Applicable (Not Transported),1
41,Oregon,410278,0,0,1,1,0,1,1,5,CLACKAMAS (5),0,NOT APPLICABLE,8,August,14,14,4,Wednesday,2024,99,Unknown Hours,99,Unknown Minutes,SR-224 ODOT 171,,3,State Highway,1,Rural,5,Major Collector,1,State Highway Agency,0,This Section IS NOT on the NHS,0,No Special Jurisdiction,338,338,45.19315,45.19315,-122.21029167,-122.21029167,31,"Post, Pole or Other Supports",0,The First Harmful Event was Not a Collision with a Motor Vehicle in Transport,0,No,1,Non-Junction,1,Not an Intersection,4,On Roadside,0,,6,Dark - Unknown Lighting,1,Clear,0,No,0000000,Not Applicable,99,Unknown,99,Unknown,99,Unknown EMS Scene Arrival Hour,99,Unknown EMS Scene Arrival Minutes,88,Not Applicable (Not Transported),88,Not Applicable (Not Transported),1
41,Oregon,410279,1,1,1,1,0,1,1,51,MULTNOMAH (51),1650,PORTLAND,8,August,15,15,5,Thursday,2024,9,9:00am-9:59am,52,52,N COMMERCIAL AVE,,0,Not Signed,2,Urban,7,Local,4,City or Municipal Highway Agency,0,This Section IS NOT on the NHS,0,No Special Jurisdiction,0,,45.58261667,45.58261667,-122.66981944,-122.66981944,8,Pedestrian,0,The First Harmful Event was Not a Collision with a Motor Vehicle in Transport,0,No,1,Non-Junction,1,Not an Intersection,98,Not Reported,0,,1,Daylight,98,Not Reported,0,No,0000000,Not Applicable,99,Unknown,99,Unknown,99,Unknown EMS Scene Arrival Hour,99,Unknown EMS Scene Arrival Minutes,99,Unknown,99,Unknown EMS Hospital Arrival Time,1
41,Oregon,410281,2,2,1,1,0,1,1,5,CLACKAMAS (5),0,NOT APPLICABLE,8,August,10,10,7,Saturday,2024,21,9:00pm-9:59pm,16,16,SE LUSTED RD,,0,Not Signed,1,Rural,6,Minor Collector,2,County Highway Agency,0,This Section IS NOT on the NHS,0,No Special Jurisdiction,40,40,45.45834444,45.45834444,-122.27623056,-122.27623056,8,Pedestrian,0,The First Harmful Event was Not a Collision with a Motor Vehicle in Transport,0,No,1,Non-Junction,1,Not an Intersection,2,On Shoulder,0,,2,Dark - Not Lighted,1,Clear,0,No,0000000,Not Applicable,99,Unknown,99,Unknown,99,Unknown EMS Scene Arrival Hour,99,Unknown EMS Scene Arrival Minutes,88,Not Applicable (Not Transported),88,Not Applicable (Not Transported),2
41,Oregon,410282,1,1,1,1,0,1,1,47,MARION (47),1810,SALEM,8,August,14,14,4,Wednesday,2024,11,11:00am-11:59am,40,40,SR-213 LANCASTER DR NE,WOLVERINE ST NE,3,State Highway,2,Urban,3,Other Principal Arterial,4,City or Municipal Highway Agency,1,This Section IS ON the NHS,0,No Special Jurisdiction,0,,44.95837778,44.95837778,-122.98358889,-122.98358889,8,Pedestrian,0,The First Harmful Event was Not a Collision with a Motor Vehicle in Transport,0,No,3,Intersection-Related,2,Four-Way Intersection,1,On Roadway,0,,1,Daylight,1,Clear,0,No,0000000,Not Applicable,11,11:00am-11:59am,40,40,11,11:00am-11:59am,44,44,12,12:00pm-12:59pm,2,2,1
41,Oregon,410283,1,1,1,1,0,1,1,51,MULTNOMAH (51),1650,PORTLAND,8,August,16,16,6,Friday,2024,2,2:00am-2:59am,38,38,SW ANKENY ST,,0,Not Signed,2,Urban,7,Local,4,City or Municipal Highway Agency,0,This Section IS NOT on the NHS,0,No Special Jurisdiction,0,,45.52256389,45.52256389,-122.67173889,-122.67173889,8,Pedestrian,0,The First Harmful Event was Not a Collision with a Motor Vehicle in Transport,0,No,8,Driveway Access Related,1,Not an Intersection,98,Not Reported,0,,3,Dark - Lighted,1,Clear,0,No,0000000,Not Applicable,99,Unknown,99,Unknown,99,Unknown EMS Scene Arrival Hour,99,Unknown EMS Scene Arrival Minutes,88,Not Applicable (Not Transported),88,Not Applicable (Not Transported),1
41,Oregon,410284,0,0,3,3,0,6,6,29,JACKSON (29),0,NOT APPLICABLE,8,August,17,17,7,Saturday,2024,9,9:00am-9:59am,59,59,I-5,,1,Interstate,2,Urban,1,Interstate,1,State Highway Agency,1,This Section IS ON the NHS,0,No Special Jurisdiction,384,384,42.41479444,42.41479444,-122.99932222,-122.99932222,12,Motor Vehicle In-Transport,7,Sideswipe - Same Direction,0,No,1,Non-Junction,1,Not an Intersection,1,On Roadway,0,,1,Daylight,1,Clear,0,No,0000000,Not Applicable,10,10:00am-10:59am,0,0,10,10:00am-10:59am,13,13,88,Not Applicable (Not Transported),88,Not Applicable (Not Transported),1
41,Oregon,410285,0,0,2,2,0,3,3,71,YAMHILL (71),0,NOT APPLICABLE,4,April,20,20,7,Saturday,2024,10,10:00am-10:59am,16,16,SR-99W ODOT 91,,3,State Highway,1,Rural,4,Minor Arterial,1,State Highway Agency,0,This Section IS NOT on the NHS,0,No Special Jurisdiction,453,453,45.10467778,45.10467778,-123.20648333,-123.20648333,12,Motor Vehicle In-Transport,2,Front-to-Front,0,No,8,Driveway Access Related,1,Not an Intersection,1,On Roadway,0,,1,Daylight,1,Clear,0,No,0000000,Not Applicable,10,10:00am-10:59am,16,16,10,10:00am-10:59am,19,19,99,Unknown,99,Unknown EMS Hospital Arrival Time,1
41,Oregon,410286,0,0,2,2,0,3,3,39,LANE (39),660,EUGENE,7,July,10,10,4,Wednesday,2024,17,5:00pm-5:59pm,55,55,COBURG RD,RUSTIC PL,0,Not Signed,2,Urban,3,Other Principal Arterial,4,City or Municipal Highway Agency,1,This Section IS ON the NHS,0,No Special Jurisdiction,0,,44.06709167,44.06709167,-123.072375,-123.072375,12,Motor Vehicle In-Transport,6,Angle,0,No,2,Intersection,3,T-Intersection,1,On Roadway,0,,1,Daylight,1,Clear,0,No,0000000,Not Applicable,17,5:00pm-5:59pm,56,56,18,6:00pm-6:59pm,2,2,18,6:00pm-6:59pm,7,7,1
41,Oregon,410287,0,0,1,1,0,2,2,51,MULTNOMAH (51),880,GRESHAM,8,August,20,20,3,Tuesday,2024,4,4:00am-4:59am,8,8,W POWELL BLVD,SW FLORENCE AVE,0,Not Signed,2,Urban,3,Other Principal Arterial,4,City or Municipal Highway Agency,1,This Section IS ON the NHS,0,No Special Jurisdiction,0,,45.49701389,45.49701389,-122.44228056,-122.44228056,59,Traffic Sign Support,0,The First Harmful Event was Not a Collision with a Motor Vehicle in Transport,0,No,3,Intersection-Related,3,T-Intersection,4,On Roadside,0,,3,Dark - Lighted,10,Cloudy,0,No,0000000,Not Applicable,4,4:00am-4:59am,8,8,4,4:00am-4:59am,11,11,88,Not Applicable (Not Transported),88,Not Applicable (Not Transported),1
41,Oregon,410288,1,1,1,1,0,1,1,29,JACKSON (29),0,NOT APPLICABLE,8,August,10,10,7,Saturday,2024,23,11:00pm-11:59pm,30,30,WILSON RD,,0,Not Signed,2,Urban,4,Minor Arterial,2,County Highway Agency,0,This Section IS NOT on the NHS,0,No Special Jurisdiction,4,4,42.39658333,42.39658333,-122.89328056,-122.89328056,8,Pedestrian,0,The First Harmful Event was Not a Collision with a Motor Vehicle in Transport,0,No,1,Non-Junction,1,Not an Intersection,1,On Roadway,0,,2,Dark - Not Lighted,1,Clear,0,No,0000000,Not Applicable,23,11:00pm-11:59pm,32,32,23,11:00pm-11:59pm,39,39,88,Not Applicable (Not Transported),88,Not Applicable (Not Transported),1
41,Oregon,410289,0,0,1,1,0,1,1,5,CLACKAMAS (5),0,NOT APPLICABLE,5,May,10,10,6,Friday,2024,22,10:00pm-10:59pm,53,53,S BEAVERCREEK RD,,0,Not Signed,1,Rural,4,Minor Arterial,2,County Highway Agency,0,This Section IS NOT on the NHS,0,No Special Jurisdiction,81,81,45.25462222,45.25462222,-122.50255556,-122.50255556,35,Embankment,0,The First Harmful Event was Not a Collision with a Motor Vehicle in Transport,0,No,1,Non-Junction,1,Not an Intersection,4,On Roadside,0,,3,Dark - Lighted,1,Clear,0,No,0000000,Not Applicable,22,10:00pm-10:59pm,53,53,22,10:00pm-10:59pm,55,55,99,Unknown,99,Unknown EMS Hospital Arrival Time,1
41,Oregon,410290,1,1,1,1,0,0,0,39,LANE (39),660,EUGENE,4,April,11,11,5,Thursday,2024,19,7:00pm-7:59pm,13,13,ARTHUR ST,W 13TH AVE,0,Not Signed,2,Urban,7,Local,4,City or Municipal Highway Agency,0,This Section IS NOT on the NHS,0,No Special Jurisdiction,0,,44.04553611,44.04553611,-123.12478889,-123.12478889,8,Pedestrian,0,The First Harmful Event was Not a Collision with a Motor Vehicle in Transport,0,No,3,Intersection-Related,2,Four-Way Intersection,98,Not Reported,0,,8,Not Reported,98,Not Reported,0,No,0000000,Not Applicable,19,7:00pm-7:59pm,15,15,19,7:00pm-7:59pm,18,18,99,Unknown,99,Unknown EMS Hospital Arrival Time,1
41,Oregon,410291,0,0,1,1,0,1,1,13,CROOK (13),0,NOT APPLICABLE,4,April,22,22,2,Monday,2024,17,5:00pm-5:59pm,34,34,SE DAVIS LP,,0,Not Signed,1,Rural,5,Major Collector,2,County Highway Agency,0,This Section IS NOT on the NHS,0,No Special Jurisdiction,34,34,44.22394722,44.22394722,-120.83409444,-120.83409444,34,Ditch,0,The First Harmful Event was Not a Collision with a Motor Vehicle in Transport,0,No,1,Non-Junction,1,Not an Intersection,4,On Roadside,0,,1,Daylight,1,Clear,0,No,0000000,Not Applicable,17,5:00pm-5:59pm,35,35,17,5:00pm-5:59pm,43,43,99,Unknown,99,Unknown EMS Hospital Arrival Time,1
41,Oregon,410292,0,0,2,2,0,4,4,3,BENTON (3),0,NOT APPLICABLE,8,August,20,20,3,Tuesday,2024,15,3:00pm-3:59pm,34,34,US-20 ODOT 33,,2,U.S. Highway,1,Rural,3,Other Principal Arterial,1,State Highway Agency,1,This Section IS ON the NHS,0,No Special Jurisdiction,419,419,44.61152778,44.61152778,-123.47126389,-123.47126389,12,Motor Vehicle In-Transport,2,Front-to-Front,0,No,1,Non-Junction,1,Not an Intersection,1,On Roadway,0,,1,Daylight,1,Clear,0,No,0000000,Not Applicable,15,3:00pm-3:59pm,34,34,15,3:00pm-3:59pm,40,40,99,Unknown,99,Unknown EMS Hospital Arrival Time,2
41,Oregon,410293,0,0,1,1,0,2,2,59,UMATILLA (59),0,NOT APPLICABLE,8,August,20,20,3,Tuesday,2024,12,12:00pm-12:59pm,30,30,I-84,,1,Interstate,2,Urban,1,Interstate,1,State Highway Agency,1,This Section IS ON the NHS,0,No Special Jurisdiction,2068,2068,45.67906667,45.67906667,-118.85816111,-118.85816111,1,Rollover/Overturn,0,The First Harmful Event was Not a Collision with a Motor Vehicle in Transport,0,No,1,Non-Junction,1,Not an Intersection,3,On Median,0,,1,Daylight,1,Clear,0,No,0000000,Not Applicable,12,12:00pm-12:59pm,31,31,12,12:00pm-12:59pm,34,34,88,Not Applicable (Not Transported),88,Not Applicable (Not Transported),1
41,Oregon,410294,0,0,1,1,0,1,1,23,GRANT (23),0,NOT APPLICABLE,8,August,21,21,4,Wednesday,2024,7,7:00am-7:59am,8,8,SR-395C ODOT 48,,3,State Highway,1,Rural,3,Other Principal Arterial,1,State Highway Agency,1,This Section IS ON the NHS,0,No Special Jurisdiction,283,283,44.09770833,44.09770833,-118.96253056,-118.96253056,42,Tree (Standing Only),0,The First Harmful Event was Not a Collision with a Motor Vehicle in Transport,0,No,1,Non-Junction,1,Not an Intersection,4,On Roadside,0,,1,Daylight,1,Clear,0,No,0000000,Not Applicable,7,7:00am-7:59am,12,12,7,7:00am-7:59am,28,28,88,Not Applicable (Not Transported),88,Not Applicable (Not Transported),1
41,Oregon,410295,0,0,2,2,0,3,3,65,WASCO (65),0,NOT APPLICABLE,8,August,21,21,4,Wednesday,2024,18,6:00pm-6:59pm,58,58,US-197 ODOT 4,,2,U.S. Highway,1,Rural,4,Minor Arterial,1,State Highway Agency,0,This Section IS NOT on the NHS,0,No Special Jurisdiction,90,90,45.50213333,45.50213333,-121.08956111,-121.08956111,12,Motor Vehicle In-Transport,2,Front-to-Front,0,No,1,Non-Junction,1,Not an Intersection,1,On Roadway,0,,1,Daylight,1,Clear,0,No,0000000,Not Applicable,19,7:00pm-7:59pm,2,2,19,7:00pm-7:59pm,20,20,20,8:00pm-8:59pm,25,25,1
41,Oregon,410296,0,0,4,4,0,4,4,47,MARION (47),0,NOT APPLICABLE,8,August,22,22,5,Thursday,2024,5,5:00am-5:59am,29,29,I-5,,1,Interstate,1,Rural,1,Interstate,1,State Highway Agency,1,This Section IS ON the NHS,0,No Special Jurisdiction,2771,2771,45.214075,45.214075,-122.82258056,-122.82258056,12,Motor Vehicle In-Transport,1,Front-to-Rear,0,No,1,Non-Junction,1,Not an Intersection,1,On Roadway,0,,4,Dawn,10,Cloudy,0,No,0000000,Not Applicable,5,5:00am-5:59am,26,26,5,5:00am-5:59am,35,35,99,Unknown,99,Unknown EMS Hospital Arrival Time,1
41,Oregon,410297,0,0,2,2,0,3,3,71,YAMHILL (71),1260,MCMINNVILLE,8,August,23,23,6,Friday,2024,15,3:00pm-3:59pm,27,27,SR-18 ODOT 39,,3,State Highway,2,Urban,3,Other Principal Arterial,1,State Highway Agency,1,This Section IS ON the NHS,0,No Special Jurisdiction,469,469,45.20098056,45.20098056,-123.16026667,-123.16026667,12,Motor Vehicle In-Transport,2,Front-to-Front,0,No,1,Non-Junction,1,Not an Intersection,1,On Roadway,0,,1,Daylight,10,Cloudy,0,No,0000000,Not Applicable,15,3:00pm-3:59pm,30,30,15,3:00pm-3:59pm,36,36,16,4:00pm-4:59pm,12,12,1
41,Oregon,410298,1,1,1,1,0,1,1,67,WASHINGTON (67),0,NOT APPLICABLE,8,August,25,25,1,Sunday,2024,18,6:00pm-6:59pm,11,11,SW 185TH AVE,SW BLANTON ST,0,Not Signed,2,Urban,4,Minor Arterial,2,County Highway Agency,0,This Section IS NOT on the NHS,0,No Special Jurisdiction,0,,45.49245278,45.49245278,-122.86721389,-122.86721389,8,Pedestrian,0,The First Harmful Event was Not a Collision with a Motor Vehicle in Transport,0,No,3,Intersection-Related,3,T-Intersection,1,On Roadway,0,,1,Daylight,1,Clear,0,No,0000000,Not Applicable,18,6:00pm-6:59pm,11,11,18,6:00pm-6:59pm,15,15,19,7:00pm-7:59pm,6,6,1
41,Oregon,410299,0,0,2,2,0,2,2,5,CLACKAMAS (5),0,NOT APPLICABLE,8,August,24,24,7,Saturday,2024,12,12:00pm-12:59pm,30,30,SR-224 ODOT 171,,3,State Highway,1,Rural,5,Major Collector,1,State Highway Agency,0,This Section IS NOT on the NHS,0,No Special Jurisdiction,246,246,45.27383611,45.27383611,-122.31948056,-122.31948056,12,Motor Vehicle In-Transport,2,Front-to-Front,0,No,8,Driveway Access Related,1,Not an Intersection,1,On Roadway,0,,1,Daylight,1,Clear,0,No,0000000,Not Applicable,12,12:00pm-12:59pm,38,38,12,12:00pm-12:59pm,41,41,88,Not Applicable (Not Transported),88,Not Applicable (Not Transported),1